{"count":1,"gauges":{},"self":36.1501824,"total":36.2702233,"children":{"AgentSendState":{"count":1760,"self":0.0150145,"total":0.020018499999999998,"children":{"CollectObservations":{"count":88,"self":0.005004,"total":0.005004,"children":null}}},"DecideAction":{"count":1760,"self":0.088030299999999992,"total":0.0960219,"children":{"RayPerceptionSensor.Perceive":{"count":88,"self":0.0079916,"total":0.0079916,"children":null}}},"AgentAct":{"count":1760,"self":0.0030023,"total":0.0030023,"children":null}}}