{"count":1,"gauges":{"Snake.CumulativeReward":{"count":4949,"max":-0.550000131,"min":-1.49000025,"value":-1.03,"weightedAverage":-1.04513526}},"self":149.7647232,"total":490.0836291,"children":{"AgentSendState":{"count":155987,"self":4.243488,"total":64.504656799999992,"children":{"CollectObservations":{"count":80097,"self":0.9593223,"total":0.9593223,"children":null},"AgentInfo.ToProto":{"count":80097,"self":1.8527707999999998,"total":59.3018466,"children":{"GenerateSensorData":{"count":80097,"self":48.6468384,"total":57.4490759,"children":{"RayPerceptionSensor.Perceive":{"count":80097,"self":8.8022376,"total":8.8022379,"children":null}}}}}}},"DecideAction":{"count":155987,"self":273.5579904,"total":273.55798369999997,"children":null},"AgentAct":{"count":155987,"self":1.3470738,"total":1.3470738,"children":null},"AgentInfo.ToProto":{"count":4949,"self":0.12292789999999999,"total":0.9081958,"children":{"GenerateSensorData":{"count":4949,"self":0.1600433,"total":0.7852679,"children":{"RayPerceptionSensor.Perceive":{"count":4949,"self":0.6252246,"total":0.6252246,"children":null}}}}}}}