{"count":1,"gauges":{"BattleSnake.CumulativeReward":{"count":4519,"max":-999.999,"min":-1000,"value":-1000,"weightedAverage":-999.9999}},"self":54.721964799999995,"total":146.7063885,"children":{"AgentSendState":{"count":83284,"self":1.4214873,"total":5.4562026,"children":{"CollectObservations":{"count":18954,"self":0.189467,"total":0.189467,"children":null},"AgentInfo.ToProto":{"count":18954,"self":0.3943295,"total":3.8452482999999997,"children":{"GenerateSensorData":{"count":18954,"self":0.6940284,"total":3.4509187999999997,"children":{"RayPerceptionSensor.Perceive":{"count":18954,"self":2.7568904,"total":2.7568904,"children":null}}}}}}},"DecideAction":{"count":83284,"self":85.02213119999999,"total":85.0221333,"children":null},"AgentAct":{"count":83284,"self":0.6009007,"total":0.6009007,"children":null},"AgentInfo.ToProto":{"count":4519,"self":0.09232209999999999,"total":0.90418599999999993,"children":{"GenerateSensorData":{"count":4519,"self":0.1612699,"total":0.8118639,"children":{"RayPerceptionSensor.Perceive":{"count":4519,"self":0.650594,"total":0.650594,"children":null}}}}}}}