{"count":1,"gauges":{"Snake.CumulativeReward":{"count":5610,"max":-8.932,"min":-10.039,"value":-10.001,"weightedAverage":-9.999615}},"self":57.769862399999994,"total":97.9025616,"children":{"AgentSendState":{"count":60251,"self":1.1838130999999998,"total":5.9934932,"children":{"CollectObservations":{"count":25350,"self":0.218053,"total":0.218053,"children":null},"AgentInfo.ToProto":{"count":25350,"self":0.47648229999999997,"total":4.5916271,"children":{"GenerateSensorData":{"count":25350,"self":0.7050965,"total":4.1151447999999995,"children":{"RayPerceptionSensor.Perceive":{"count":25350,"self":3.4100484,"total":3.4100482999999997,"children":null}}}}}}},"DecideAction":{"count":60251,"self":32.553478399999996,"total":32.553479599999996,"children":null},"AgentAct":{"count":60251,"self":0.39928159999999996,"total":0.39928159999999996,"children":null},"AgentInfo.ToProto":{"count":5610,"self":0.1251772,"total":1.1854453999999999,"children":{"GenerateSensorData":{"count":5610,"self":0.18226779999999998,"total":1.0602681999999999,"children":{"RayPerceptionSensor.Perceive":{"count":5610,"self":0.8780004,"total":0.8780004,"children":null}}}}}}}