{"count":1,"gauges":{"Snake.CumulativeReward":{"count":10302,"max":-43.479,"min":-51.465,"value":-50.064,"weightedAverage":-50.1679344}},"self":253.80695039999998,"total":1332.8082071,"children":{"AgentSendState":{"count":353217,"self":9.7272608,"total":49.154838899999994,"children":{"CollectObservations":{"count":181991,"self":1.7166994,"total":1.7166994,"children":null},"AgentInfo.ToProto":{"count":181991,"self":3.6602007999999997,"total":37.7108784,"children":{"GenerateSensorData":{"count":181991,"self":6.8807272,"total":34.0506774,"children":{"RayPerceptionSensor.Perceive":{"count":181991,"self":27.169952,"total":27.1699505,"children":null}}}}}}},"DecideAction":{"count":353217,"self":1023.9038463999999,"total":1023.9038015,"children":null},"AgentAct":{"count":353217,"self":3.7612707999999997,"total":3.7612707,"children":null},"AgentInfo.ToProto":{"count":10302,"self":0.25681889999999996,"total":2.1803422,"children":{"GenerateSensorData":{"count":10302,"self":0.3882556,"total":1.9235232999999998,"children":{"RayPerceptionSensor.Perceive":{"count":10302,"self":1.5352677,"total":1.5352677,"children":null}}}}}}}