{"count":1,"gauges":{},"self":4.0719188,"total":4.1369470999999995,"children":{"AgentSendState":{"count":178,"self":0.0030106,"total":0.0050108,"children":{"CollectObservations":{"count":36,"self":0.0020001999999999997,"total":0.0020001999999999997,"children":null}}},"DecideAction":{"count":178,"self":0,"total":0,"children":null},"AgentAct":{"count":178,"self":0.0580261,"total":0.0580261,"children":null}}}