{"count":1,"gauges":{"Snake.CumulativeReward":{"count":113,"max":4.91001463,"min":-0.73,"value":-0.569999933,"weightedAverage":0.3890458}},"self":246.2461952,"total":252.80530069999998,"children":{"AgentSendState":{"count":12578,"self":0.5121719,"total":0.6780627,"children":{"CollectObservations":{"count":8389,"self":0.1658908,"total":0.1658908,"children":null}}},"DecideAction":{"count":12578,"self":4.8118896,"total":5.7773318,"children":{"RayPerceptionSensor.Perceive":{"count":8389,"self":0.96544199999999991,"total":0.96544199999999991,"children":null}}},"AgentAct":{"count":12578,"self":0.1026904,"total":0.1026904,"children":null}}}