{"count":1,"gauges":{},"self":116.63043839999999,"total":116.8334775,"children":{"AgentSendState":{"count":5820,"self":0.0369993,"total":0.0420096,"children":{"CollectObservations":{"count":385,"self":0.0050103,"total":0.0050103,"children":null}}},"DecideAction":{"count":5820,"self":0.1350356,"total":0.1460377,"children":{"RayPerceptionSensor.Perceive":{"count":385,"self":0.011002099999999999,"total":0.011002099999999999,"children":null}}},"AgentAct":{"count":5820,"self":0.0119934,"total":0.0119934,"children":null}}}